{
  "model": "alibaba-qwen3-32b",
  "accuracy": 0.5416666666666666,
  "classification_report": {
    "bug": {
      "precision": 0.4318181818181818,
      "recall": 0.8260869565217391,
      "f1-score": 0.5671641791044776,
      "support": 23.0
    },
    "documentation": {
      "precision": 0.6153846153846154,
      "recall": 0.7272727272727273,
      "f1-score": 0.6666666666666666,
      "support": 11.0
    },
    "enhancement": {
      "precision": 0.8181818181818182,
      "recall": 0.8571428571428571,
      "f1-score": 0.8372093023255814,
      "support": 21.0
    },
    "other": {
      "precision": 0.0,
      "recall": 0.0,
      "f1-score": 0.0,
      "support": 15.0
    },
    "question": {
      "precision": 0.3,
      "recall": 0.6,
      "f1-score": 0.4,
      "support": 5.0
    },
    "security": {
      "precision": 0.6666666666666666,
      "recall": 0.19047619047619047,
      "f1-score": 0.2962962962962963,
      "support": 21.0
    },
    "accuracy": 0.5416666666666666,
    "macro avg": {
      "precision": 0.47200854700854694,
      "recall": 0.5334964552355856,
      "f1-score": 0.4612227407321703,
      "support": 96.0
    },
    "weighted avg": {
      "precision": 0.514404865967366,
      "recall": 0.5416666666666666,
      "f1-score": 0.4810596564978724,
      "support": 96.0
    }
  },
  "confusion_matrix": [
    [
      19,
      1,
      0,
      0,
      3,
      0
    ],
    [
      1,
      8,
      1,
      0,
      1,
      0
    ],
    [
      2,
      1,
      18,
      0,
      0,
      0
    ],
    [
      7,
      3,
      1,
      0,
      2,
      2
    ],
    [
      1,
      0,
      1,
      0,
      3,
      0
    ],
    [
      14,
      0,
      1,
      1,
      1,
      4
    ]
  ],
  "labels": [
    "bug",
    "documentation",
    "enhancement",
    "other",
    "question",
    "security"
  ],
  "p50_latency_seconds": 7.5359158879982715,
  "p95_latency_seconds": 18.43562884549974,
  "throughput_rps": 1.0347942072711112,
  "wall_clock_seconds": 230.96379774899833,
  "concurrency": 10,
  "error_breakdown": {
    "success": 239
  }
}