{
  "model": "mistral-3-14b",
  "accuracy": 0.5729166666666666,
  "classification_report": {
    "bug": {
      "precision": 0.4583333333333333,
      "recall": 0.9565217391304348,
      "f1-score": 0.6197183098591549,
      "support": 23.0
    },
    "documentation": {
      "precision": 0.7,
      "recall": 0.6363636363636364,
      "f1-score": 0.6666666666666666,
      "support": 11.0
    },
    "enhancement": {
      "precision": 0.7916666666666666,
      "recall": 0.9047619047619048,
      "f1-score": 0.8444444444444444,
      "support": 21.0
    },
    "other": {
      "precision": 0.0,
      "recall": 0.0,
      "f1-score": 0.0,
      "support": 15.0
    },
    "question": {
      "precision": 0.2857142857142857,
      "recall": 0.4,
      "f1-score": 0.3333333333333333,
      "support": 5.0
    },
    "security": {
      "precision": 0.7142857142857143,
      "recall": 0.23809523809523808,
      "f1-score": 0.35714285714285715,
      "support": 21.0
    },
    "accuracy": 0.5729166666666666,
    "macro avg": {
      "precision": 0.49166666666666664,
      "recall": 0.5226237530585357,
      "f1-score": 0.4702176019077428,
      "support": 96.0
    },
    "weighted avg": {
      "precision": 0.5343253968253968,
      "recall": 0.5729166666666666,
      "f1-score": 0.5050714006259781,
      "support": 96.0
    }
  },
  "confusion_matrix": [
    [
      22,
      1,
      0,
      0,
      0,
      0
    ],
    [
      1,
      7,
      1,
      0,
      2,
      0
    ],
    [
      2,
      0,
      19,
      0,
      0,
      0
    ],
    [
      8,
      2,
      1,
      0,
      2,
      2
    ],
    [
      2,
      0,
      1,
      0,
      2,
      0
    ],
    [
      13,
      0,
      2,
      0,
      1,
      5
    ]
  ],
  "labels": [
    "bug",
    "documentation",
    "enhancement",
    "other",
    "question",
    "security"
  ],
  "p50_latency_seconds": 8.707627895997575,
  "p95_latency_seconds": 35.81899198240062,
  "throughput_rps": 0.8005337265861102,
  "wall_clock_seconds": 298.5508193630012,
  "concurrency": 10,
  "error_breakdown": {
    "success": 239
  }
}